<?xml version="1.0" encoding="UTF-8"?>
<GenRun Id="impl_1" LaunchPart="xc7z020clg484-1" LaunchTime="1750166499">
  <File Type="OPT-HWDEF" Name="UART_top_module.hwdef"/>
  <File Type="ROUTE-BUS-SKEW" Name="UART_top_module_bus_skew_routed.rpt"/>
  <File Type="PA-DCP" Name="UART_top_module.dcp"/>
  <File Type="ROUTE-PWR" Name="UART_top_module_power_routed.rpt"/>
  <File Type="PA-TCL" Name="UART_top_module.tcl"/>
  <File Type="OPT-METHODOLOGY-DRC" Name="UART_top_module_methodology_drc_opted.rpt"/>
  <File Type="INIT-TIMING" Name="UART_top_module_timing_summary_init.rpt"/>
  <File Type="ROUTE-PWR-SUM" Name="UART_top_module_power_summary_routed.pb"/>
  <File Type="OPT-RQA-PB" Name="UART_top_module_rqa_opted.pb"/>
  <File Type="REPORTS-TCL" Name="UART_top_module_reports.tcl"/>
  <File Type="OPT-TIMING" Name="UART_top_module_timing_summary_opted.rpt"/>
  <File Type="OPT-DCP" Name="UART_top_module_opt.dcp"/>
  <File Type="OPT-DRC" Name="UART_top_module_drc_opted.rpt"/>
  <File Type="PWROPT-DCP" Name="UART_top_module_pwropt.dcp"/>
  <File Type="PWROPT-DRC" Name="UART_top_module_drc_pwropted.rpt"/>
  <File Type="PWROPT-TIMING" Name="UART_top_module_timing_summary_pwropted.rpt"/>
  <File Type="PLACE-DCP" Name="UART_top_module_placed.dcp"/>
  <File Type="PLACE-IO" Name="UART_top_module_io_placed.rpt"/>
  <File Type="PLACE-CLK" Name="UART_top_module_clock_utilization_placed.rpt"/>
  <File Type="PLACE-UTIL" Name="UART_top_module_utilization_placed.rpt"/>
  <File Type="PLACE-UTIL-PB" Name="UART_top_module_utilization_placed.pb"/>
  <File Type="PLACE-CTRL" Name="UART_top_module_control_sets_placed.rpt"/>
  <File Type="PLACE-SIMILARITY" Name="UART_top_module_incremental_reuse_placed.rpt"/>
  <File Type="PLACE-PRE-SIMILARITY" Name="UART_top_module_incremental_reuse_pre_placed.rpt"/>
  <File Type="BG-BIN" Name="UART_top_module.bin"/>
  <File Type="PLACE-TIMING" Name="UART_top_module_timing_summary_placed.rpt"/>
  <File Type="ROUTE-PWR-RPX" Name="UART_top_module_power_routed.rpx"/>
  <File Type="PLACE-RQA-PB" Name="UART_top_module_rqa_placed.pb"/>
  <File Type="POSTPLACE-PWROPT-DCP" Name="UART_top_module_postplace_pwropt.dcp"/>
  <File Type="BITSTR-MSK" Name="UART_top_module.msk"/>
  <File Type="POSTPLACE-PWROPT-TIMING" Name="UART_top_module_timing_summary_postplace_pwropted.rpt"/>
  <File Type="PHYSOPT-DCP" Name="UART_top_module_physopt.dcp"/>
  <File Type="PHYSOPT-DRC" Name="UART_top_module_drc_physopted.rpt"/>
  <File Type="BITSTR-RBT" Name="UART_top_module.rbt"/>
  <File Type="PHYSOPT-TIMING" Name="UART_top_module_timing_summary_physopted.rpt"/>
  <File Type="ROUTE-ERROR-DCP" Name="UART_top_module_routed_error.dcp"/>
  <File Type="ROUTE-DCP" Name="UART_top_module_routed.dcp"/>
  <File Type="ROUTE-BLACKBOX-DCP" Name="UART_top_module_routed_bb.dcp"/>
  <File Type="ROUTE-DRC" Name="UART_top_module_drc_routed.rpt"/>
  <File Type="ROUTE-DRC-PB" Name="UART_top_module_drc_routed.pb"/>
  <File Type="ROUTE-DRC-RPX" Name="UART_top_module_drc_routed.rpx"/>
  <File Type="ROUTE-METHODOLOGY-DRC" Name="UART_top_module_methodology_drc_routed.rpt"/>
  <File Type="ROUTE-METHODOLOGY-DRC-RPX" Name="UART_top_module_methodology_drc_routed.rpx"/>
  <File Type="ROUTE-METHODOLOGY-DRC-PB" Name="UART_top_module_methodology_drc_routed.pb"/>
  <File Type="ROUTE-RQS-PB" Name="UART_top_module_rqs_routed.pb"/>
  <File Type="ROUTE-STATUS" Name="UART_top_module_route_status.rpt"/>
  <File Type="ROUTE-STATUS-PB" Name="UART_top_module_route_status.pb"/>
  <File Type="ROUTE-TIMINGSUMMARY" Name="UART_top_module_timing_summary_routed.rpt"/>
  <File Type="ROUTE-TIMING-PB" Name="UART_top_module_timing_summary_routed.pb"/>
  <File Type="ROUTE-TIMING-RPX" Name="UART_top_module_timing_summary_routed.rpx"/>
  <File Type="ROUTE-SIMILARITY" Name="UART_top_module_incremental_reuse_routed.rpt"/>
  <File Type="ROUTE-CLK" Name="UART_top_module_clock_utilization_routed.rpt"/>
  <File Type="ROUTE-BUS-SKEW-PB" Name="UART_top_module_bus_skew_routed.pb"/>
  <File Type="ROUTE-BUS-SKEW-RPX" Name="UART_top_module_bus_skew_routed.rpx"/>
  <File Type="POSTROUTE-PHYSOPT-DCP" Name="UART_top_module_postroute_physopt.dcp"/>
  <File Type="POSTROUTE-PHYSOPT-BLACKBOX-DCP" Name="UART_top_module_postroute_physopt_bb.dcp"/>
  <File Type="POSTROUTE-PHYSOPT-TIMING" Name="UART_TX_top_module_timing_summary_postroute_physopted.rpt"/>
  <File Type="POSTROUTE-PHYSOPT-TIMING-PB" Name="UART_TX_top_module_timing_summary_postroute_physopted.pb"/>
  <File Type="POSTROUTE-PHYSOPT-TIMING-RPX" Name="UART_TX_top_module_timing_summary_postroute_physopted.rpx"/>
  <File Type="POSTROUTE-PHYSOPT-BUS-SKEW" Name="UART_TX_top_module_bus_skew_postroute_physopted.rpt"/>
  <File Type="BG-BIT" Name="UART_top_module.bit"/>
  <File Type="POSTROUTE-PHYSOPT-BUS-SKEW-PB" Name="UART_TX_top_module_bus_skew_postroute_physopted.pb"/>
  <File Type="POSTROUTE-PHYSOPT-BUS-SKEW-RPX" Name="UART_TX_top_module_bus_skew_postroute_physopted.rpx"/>
  <File Type="BITSTR-NKY" Name="UART_top_module.nky"/>
  <File Type="BITSTR-BMM" Name="UART_top_module_bd.bmm"/>
  <File Type="BITSTR-MMI" Name="UART_top_module.mmi"/>
  <File Type="PDI-FILE" Name="UART_top_module.pdi"/>
  <File Type="BOOT-PDI-FILE" Name="UART_top_module_boot.pdi"/>
  <File Type="PL-PDI-FILE" Name="UART_top_module_pld.pdi"/>
  <File Type="RCFI_FILE" Name="UART_top_module.rcfi"/>
  <File Type="CFI_FILE" Name="UART_top_module.cfi"/>
  <File Type="RNPI_FILE" Name="UART_top_module.rnpi"/>
  <File Type="NPI_FILE" Name="UART_top_module.npi"/>
  <File Type="RBD_FILE" Name="UART_top_module.rbd"/>
  <File Type="BITSTR-LTX" Name="debug_nets.ltx"/>
  <File Type="BITSTR-LTX" Name="UART_top_module.ltx"/>
  <File Type="BITSTR-SYSDEF" Name="UART_top_module.sysdef"/>
  <File Type="BG-BGN" Name="UART_top_module.bgn"/>
  <File Type="BG-DRC" Name="UART_top_module.drc"/>
  <File Type="RDI-RDI" Name="UART_top_module.vdi"/>
  <File Type="WBT-USG" Name="usage_statistics_webtalk.html"/>
  <File Type="ROUTE-RQS" Name="UART_top_module_routed.rqs"/>
  <File Type="POSTROUTE-PHYSOPT-RQS" Name="UART_top_module_postroute_physopted.rqs"/>
  <File Type="ROUTE-RQS-RPT" Name="route_report_qor_suggestions_0.rpt"/>
  <File Type="POSTROUTE-PHYSOPT-RQS-RPT" Name="postroute_physopt_report_qor_suggestions_0.rpt"/>
  <FileSet Name="sources" Type="DesignSrcs" RelSrcDir="$PSRCDIR/sources_1" RelGenDir="$PGENDIR/sources_1">
    <Filter Type="Srcs"/>
    <File Path="$PSRCDIR/sources_1/new/Baud_Gen.v">
      <FileInfo>
        <Attr Name="UsedIn" Val="synthesis"/>
        <Attr Name="UsedIn" Val="implementation"/>
        <Attr Name="UsedIn" Val="simulation"/>
      </FileInfo>
    </File>
    <File Path="$PSRCDIR/sources_1/new/Parity_check.v">
      <FileInfo>
        <Attr Name="UsedIn" Val="synthesis"/>
        <Attr Name="UsedIn" Val="implementation"/>
        <Attr Name="UsedIn" Val="simulation"/>
      </FileInfo>
    </File>
    <File Path="$PSRCDIR/sources_1/new/uart_rx.v">
      <FileInfo>
        <Attr Name="UsedIn" Val="synthesis"/>
        <Attr Name="UsedIn" Val="implementation"/>
        <Attr Name="UsedIn" Val="simulation"/>
      </FileInfo>
    </File>
    <File Path="$PSRCDIR/sources_1/new/uart_tx.v">
      <FileInfo>
        <Attr Name="UsedIn" Val="synthesis"/>
        <Attr Name="UsedIn" Val="implementation"/>
        <Attr Name="UsedIn" Val="simulation"/>
      </FileInfo>
    </File>
    <File Path="$PSRCDIR/sources_1/new/UART_top_module.v">
      <FileInfo>
        <Attr Name="UsedIn" Val="synthesis"/>
        <Attr Name="UsedIn" Val="implementation"/>
        <Attr Name="UsedIn" Val="simulation"/>
      </FileInfo>
    </File>
    <File Path="$PSRCDIR/sources_1/new/UART_TX_top_module.v">
      <FileInfo>
        <Attr Name="UserDisabled" Val="1"/>
        <Attr Name="UsedIn" Val="synthesis"/>
        <Attr Name="UsedIn" Val="implementation"/>
        <Attr Name="UsedIn" Val="simulation"/>
      </FileInfo>
    </File>
    <File Path="$PSRCDIR/sources_1/new/UART_RX_top_module.v">
      <FileInfo>
        <Attr Name="UserDisabled" Val="1"/>
        <Attr Name="UsedIn" Val="synthesis"/>
        <Attr Name="UsedIn" Val="implementation"/>
        <Attr Name="UsedIn" Val="simulation"/>
      </FileInfo>
    </File>
    <Config>
      <Option Name="DesignMode" Val="RTL"/>
      <Option Name="TopModule" Val="UART_top_module"/>
    </Config>
  </FileSet>
  <FileSet Name="constrs_in" Type="Constrs" RelSrcDir="$PSRCDIR/constrs_1" RelGenDir="$PGENDIR/constrs_1">
    <Filter Type="Constrs"/>
    <Config>
      <Option Name="ConstrsType" Val="XDC"/>
    </Config>
  </FileSet>
  <FileSet Name="utils" Type="Utils" RelSrcDir="$PSRCDIR/utils_1" RelGenDir="$PGENDIR/utils_1">
    <Filter Type="Utils"/>
    <File Path="$PSRCDIR/utils_1/imports/synth_1/UART_TX_top_module.dcp">
      <FileInfo>
        <Attr Name="UsedIn" Val="synthesis"/>
        <Attr Name="UsedIn" Val="implementation"/>
        <Attr Name="UsedInSteps" Val="synth_1"/>
        <Attr Name="UsedInSteps" Val="synth_1_copy_1"/>
        <Attr Name="AutoDcp" Val="1"/>
      </FileInfo>
    </File>
    <Config>
      <Option Name="TopAutoSet" Val="TRUE"/>
    </Config>
  </FileSet>
  <Strategy Version="1" Minor="2">
    <StratHandle Name="Vivado Implementation Defaults" Flow="Vivado Implementation 2022">
      <Desc>Default settings for Implementation.</Desc>
    </StratHandle>
    <Step Id="init_design"/>
    <Step Id="opt_design"/>
    <Step Id="power_opt_design"/>
    <Step Id="place_design"/>
    <Step Id="post_place_power_opt_design"/>
    <Step Id="phys_opt_design"/>
    <Step Id="route_design"/>
    <Step Id="post_route_phys_opt_design"/>
    <Step Id="write_bitstream"/>
  </Strategy>
</GenRun>
